{
	"-17_0": {
		"definition": "melee_damage+3%",
		"x": 224,
		"y": -96,
		"root": false
	},
	"-15_-6": {
		"definition": "melee_damage+3%",
		"x": -320,
		"y": -256,
		"root": false
	},
	"-15_-1": {
		"definition": "melee_damage+3%",
		"x": -480,
		"y": -32,
		"root": false
	},
	"-15_1": {
		"definition": "melee_damage+3%",
		"x": -480,
		"y": 32,
		"root": false
	},
	"-15_6": {
		"definition": "melee_damage+3%",
		"x": -416,
		"y": 224,
		"root": false
	},
	"-13_-7": {
		"definition": "melee_damage+3%",
		"x": -416,
		"y": -224,
		"root": false
	},
	"-13_-5": {
		"definition": "attack_speed+5%",
		"x": -416,
		"y": -160,
		"root": false
	},
	"-13_0": {
		"definition": "ranged_damage+3%",
		"x": -416,
		"y": 0,
		"root": false
	},
	"-13_5": {
		"definition": "stamina+5%",
		"x": -416,
		"y": 160,
		"root": false
	},
	"-13_7": {
		"definition": "melee_damage+3%",
		"x": -96,
		"y": -384,
		"root": false
	},
	"-12_-12": {
		"definition": "movement_speed+5%",
		"x": -32,
		"y": -480,
		"root": false
	},
	"-12_-3": {
		"definition": "melee_damage+3%",
		"x": -384,
		"y": -96,
		"root": false
	},
	"-12_3": {
		"definition": "melee_damage+3%",
		"x": -384,
		"y": 96,
		"root": false
	},
	"-12_12": {
		"definition": "jump+5%",
		"x": -352,
		"y": -32,
		"root": false
	},
	"-11_-6": {
		"definition": "ranged_damage+3%",
		"x": -352,
		"y": -192,
		"root": false
	},
	"-11_-1": {
		"definition": "stamina+5%",
		"x": -192,
		"y": -32,
		"root": false
	},
	"-11_1": {
		"definition": "attack_speed+5%",
		"x": -352,
		"y": 32,
		"root": false
	},
	"-11_6": {
		"definition": "ranged_damage+3%",
		"x": -352,
		"y": 192,
		"root": false
	},
	"-10_-10": {
		"definition": "luck+0.25",
		"x": -320,
		"y": -320,
		"root": false
	},
	"-10_-8": {
		"definition": "stamina+5%",
		"x": -96,
		"y": -160,
		"root": false
	},
	"-10_-4": {
		"definition": "melee_damage+3%",
		"x": -320,
		"y": -128,
		"root": false
	},
	"-10_4": {
		"definition": "melee_damage+3%",
		"x": -320,
		"y": 128,
		"root": false
	},
	"-10_8": {
		"definition": "attack_speed+5%",
		"x": -320,
		"y": 256,
		"root": false
	},
	"-10_10": {
		"definition": "luck+0.25",
		"x": -320,
		"y": 320,
		"root": false
	},
	"-9_-2": {
		"definition": "ranged_damage+3%",
		"x": -288,
		"y": -64,
		"root": false
	},
	"-9_2": {
		"definition": "ranged_damage+3%",
		"x": -288,
		"y": 64,
		"root": false
	},
	"-8_-10": {
		"definition": "jump+5%",
		"x": -256,
		"y": -320,
		"root": false
	},
	"-8_-8": {
		"definition": "movement_speed+5%",
		"x": -256,
		"y": -256,
		"root": false
	},
	"-8_-6": {
		"definition": "melee_damage+3%",
		"x": -256,
		"y": -192,
		"root": false
	},
	"-8_0": {
		"definition": "luck+0.25",
		"x": -256,
		"y": 0,
		"root": false
	},
	"-8_6": {
		"definition": "melee_damage+3%",
		"x": -256,
		"y": 192,
		"root": false
	},
	"-8_8": {
		"definition": "jump+5%",
		"x": -256,
		"y": 256,
		"root": false
	},
	"-8_10": {
		"definition": "movement_speed+5%",
		"x": -256,
		"y": 320,
		"root": false
	},
	"-7_-13": {
		"definition": "luck+0.25",
		"x": 96,
		"y": -384,
		"root": false
	},
	"-7_-4": {
		"definition": "luck+0.25",
		"x": -224,
		"y": -96,
		"root": false
	},
	"-7_4": {
		"definition": "resistance+1%",
		"x": -224,
		"y": 96,
		"root": false
	},
	"-7_13": {
		"definition": "resistance+1%",
		"x": -224,
		"y": 416,
		"root": false
	},
	"-6_-15": {
		"definition": "healing+5%",
		"x": -224,
		"y": -416,
		"root": false
	},
	"-6_-11": {
		"definition": "resistance+1%",
		"x": -192,
		"y": -352,
		"root": false
	},
	"-6_-8": {
		"definition": "health+2",
		"x": 480,
		"y": 192,
		"root": false
	},
	"-6_-1": {
		"definition": "health+2",
		"x": -384,
		"y": 384,
		"root": false
	},
	"-6_8": {
		"definition": "resistance+1%",
		"x": -192,
		"y": 256,
		"root": false
	},
	"-6_11": {
		"definition": "healing+5%",
		"x": -192,
		"y": 352,
		"root": false
	},
	"-6_15": {
		"definition": "resistance+1%",
		"x": -128,
		"y": 320,
		"root": false
	},
	"-5_-13": {
		"definition": "attack_speed+5%",
		"x": -160,
		"y": -416,
		"root": false
	},
	"-5_-3": {
		"definition": "melee_damage+3%",
		"x": -160,
		"y": -96,
		"root": false
	},
	"-5_3": {
		"definition": "melee_damage+3%",
		"x": -160,
		"y": 96,
		"root": false
	},
	"-5_13": {
		"definition": "stamina+5%",
		"x": -128,
		"y": 448,
		"root": false
	},
	"-4_-10": {
		"definition": "healing+5%",
		"x": -128,
		"y": -320,
		"root": false
	},
	"-4_-7": {
		"definition": "melee_damage+3%",
		"x": -96,
		"y": -224,
		"root": false
	},
	"-4_-1": {
		"definition": "attack_speed+5%",
		"x": -128,
		"y": -32,
		"root": false
	},
	"-4_1": {
		"definition": "stamina+5%",
		"x": -128,
		"y": 32,
		"root": false
	},
	"-4_7": {
		"definition": "melee_damage+3%",
		"x": -96,
		"y": 224,
		"root": false
	},
	"-4_10": {
		"definition": "resistance+1%",
		"x": -64,
		"y": 288,
		"root": false
	},
	"-3_-12": {
		"definition": "health+2",
		"x": -480,
		"y": 192,
		"root": false
	},
	"-3_-5": {
		"definition": "health+2",
		"x": -480,
		"y": -192,
		"root": false
	},
	"-3_5": {
		"definition": "resistance+1%",
		"x": -96,
		"y": 160,
		"root": false
	},
	"-3_12": {
		"definition": "resistance+1%",
		"x": -96,
		"y": 384,
		"root": false
	},
	"-2_-9": {
		"definition": "resistance+1%",
		"x": -64,
		"y": -288,
		"root": false
	},
	"-2_0": {
		"definition": "root_melee_damage+3%",
		"x": -64,
		"y": 0,
		"root": false
	},
	"-2_9": {
		"definition": "health+2",
		"x": -192,
		"y": 480,
		"root": false
	},
	"-1_-15": {
		"definition": "health+2",
		"x": -384,
		"y": -384,
		"root": false
	},
	"-1_-11": {
		"definition": "jump+5%",
		"x": -32,
		"y": -352,
		"root": false
	},
	"-1_-6": {
		"definition": "melee_damage+3%",
		"x": -32,
		"y": -192,
		"root": false
	},
	"-1_-4": {
		"definition": "attack_speed+5%",
		"x": -32,
		"y": -128,
		"root": false
	},
	"-1_4": {
		"definition": "stamina+5%",
		"x": -32,
		"y": 128,
		"root": false
	},
	"-1_6": {
		"definition": "melee_damage+3%",
		"x": -32,
		"y": 192,
		"root": false
	},
	"-1_11": {
		"definition": "movement_speed+5%",
		"x": -32,
		"y": 352,
		"root": false
	},
	"-1_15": {
		"definition": "resistance+1%",
		"x": -32,
		"y": 480,
		"root": false
	},
	"0_-17": {
		"definition": "healing+5%",
		"x": 0,
		"y": -544,
		"root": false
	},
	"0_-13": {
		"definition": "resistance+1%",
		"x": 0,
		"y": -416,
		"root": false
	},
	"0_-8": {
		"definition": "luck+0.25",
		"x": 0,
		"y": -256,
		"root": false
	},
	"0_2": {
		"definition": "root_resistance+1%",
		"x": 0,
		"y": 64,
		"root": false
	},
	"0_8": {
		"definition": "luck+0.25",
		"x": 0,
		"y": 256,
		"root": false
	},
	"0_13": {
		"definition": "health+2",
		"x": 0,
		"y": 544,
		"root": false
	},
	"0_17": {
		"definition": "resistance+1%",
		"x": 0,
		"y": 416,
		"root": false
	},
	"1_-15": {
		"definition": "health+2",
		"x": 384,
		"y": -384,
		"root": false
	},
	"1_-11": {
		"definition": "attack_speed+5%",
		"x": 32,
		"y": -352,
		"root": false
	},
	"1_-6": {
		"definition": "ranged_damage+3%",
		"x": 32,
		"y": -192,
		"root": false
	},
	"1_-4": {
		"definition": "jump+5%",
		"x": 32,
		"y": -128,
		"root": false
	},
	"1_4": {
		"definition": "movement_speed+5%",
		"x": 32,
		"y": 128,
		"root": false
	},
	"1_6": {
		"definition": "ranged_damage+3%",
		"x": 32,
		"y": 192,
		"root": false
	},
	"1_11": {
		"definition": "stamina+5%",
		"x": 32,
		"y": 352,
		"root": false
	},
	"1_15": {
		"definition": "resistance+1%",
		"x": 32,
		"y": 480,
		"root": false
	},
	"2_-9": {
		"definition": "resistance+1%",
		"x": 64,
		"y": -288,
		"root": false
	},
	"2_0": {
		"definition": "root_ranged_damage+3%",
		"x": 64,
		"y": 0,
		"root": false
	},
	"2_9": {
		"definition": "health+2",
		"x": 192,
		"y": 480,
		"root": false
	},
	"3_-12": {
		"definition": "health+2",
		"x": -192,
		"y": -480,
		"root": false
	},
	"3_-5": {
		"definition": "health+2",
		"x": 544,
		"y": 0,
		"root": false
	},
	"3_5": {
		"definition": "resistance+1%",
		"x": 96,
		"y": 160,
		"root": false
	},
	"3_12": {
		"definition": "resistance+1%",
		"x": 96,
		"y": 384,
		"root": false
	},
	"4_-10": {
		"definition": "healing+5%",
		"x": 128,
		"y": -320,
		"root": false
	},
	"4_-7": {
		"definition": "ranged_damage+3%",
		"x": 96,
		"y": -224,
		"root": false
	},
	"4_-1": {
		"definition": "jump+5%",
		"x": 128,
		"y": -32,
		"root": false
	},
	"4_1": {
		"definition": "movement_speed+5%",
		"x": 128,
		"y": 32,
		"root": false
	},
	"4_7": {
		"definition": "ranged_damage+3%",
		"x": 96,
		"y": 224,
		"root": false
	},
	"4_10": {
		"definition": "resistance+1%",
		"x": 64,
		"y": 288,
		"root": false
	},
	"5_-13": {
		"definition": "jump+5%",
		"x": 160,
		"y": -416,
		"root": false
	},
	"5_-3": {
		"definition": "ranged_damage+3%",
		"x": 160,
		"y": -96,
		"root": false
	},
	"5_3": {
		"definition": "ranged_damage+3%",
		"x": 160,
		"y": 96,
		"root": false
	},
	"5_13": {
		"definition": "movement_speed+5%",
		"x": 128,
		"y": 448,
		"root": false
	},
	"6_-15": {
		"definition": "healing+5%",
		"x": 224,
		"y": -416,
		"root": false
	},
	"6_-11": {
		"definition": "resistance+1%",
		"x": 192,
		"y": -352,
		"root": false
	},
	"6_-8": {
		"definition": "health+2",
		"x": 384,
		"y": 384,
		"root": false
	},
	"6_-1": {
		"definition": "health+2",
		"x": 480,
		"y": -192,
		"root": false
	},
	"6_1": {
		"definition": "resistance+1%",
		"x": 192,
		"y": 32,
		"root": false
	},
	"6_8": {
		"definition": "resistance+1%",
		"x": 192,
		"y": 256,
		"root": false
	},
	"6_11": {
		"definition": "healing+5%",
		"x": 192,
		"y": 352,
		"root": false
	},
	"6_15": {
		"definition": "resistance+1%",
		"x": 128,
		"y": 320,
		"root": false
	},
	"7_-13": {
		"definition": "health+2",
		"x": 192,
		"y": -480,
		"root": false
	},
	"7_-4": {
		"definition": "health+2",
		"x": -544,
		"y": 0,
		"root": false
	},
	"7_4": {
		"definition": "resistance+1%",
		"x": 224,
		"y": 96,
		"root": false
	},
	"7_13": {
		"definition": "resistance+1%",
		"x": 224,
		"y": 416,
		"root": false
	},
	"8_-10": {
		"definition": "attack_speed+5%",
		"x": 256,
		"y": -320,
		"root": false
	},
	"8_-8": {
		"definition": "stamina+5%",
		"x": 256,
		"y": -256,
		"root": false
	},
	"8_-6": {
		"definition": "ranged_damage+3%",
		"x": 256,
		"y": -192,
		"root": false
	},
	"8_0": {
		"definition": "luck+0.25",
		"x": 256,
		"y": 0,
		"root": false
	},
	"8_6": {
		"definition": "ranged_damage+3%",
		"x": 256,
		"y": 192,
		"root": false
	},
	"8_8": {
		"definition": "attack_speed+5%",
		"x": 256,
		"y": 256,
		"root": false
	},
	"8_10": {
		"definition": "stamina+5%",
		"x": 256,
		"y": 320,
		"root": false
	},
	"9_-2": {
		"definition": "melee_damage+3%",
		"x": 288,
		"y": -64,
		"root": false
	},
	"9_2": {
		"definition": "melee_damage+3%",
		"x": 288,
		"y": 64,
		"root": false
	},
	"10_-10": {
		"definition": "luck+0.25",
		"x": 320,
		"y": -320,
		"root": false
	},
	"10_-8": {
		"definition": "movement_speed+5%",
		"x": 320,
		"y": -256,
		"root": false
	},
	"10_-4": {
		"definition": "ranged_damage+3%",
		"x": 320,
		"y": -128,
		"root": false
	},
	"10_4": {
		"definition": "ranged_damage+3%",
		"x": 320,
		"y": 128,
		"root": false
	},
	"10_8": {
		"definition": "jump+5%",
		"x": 320,
		"y": 256,
		"root": false
	},
	"10_10": {
		"definition": "luck+0.25",
		"x": 320,
		"y": 320,
		"root": false
	},
	"11_-6": {
		"definition": "melee_damage+3%",
		"x": 96,
		"y": -160,
		"root": false
	},
	"11_-1": {
		"definition": "movement_speed+5%",
		"x": 352,
		"y": -32,
		"root": false
	},
	"11_1": {
		"definition": "jump+5%",
		"x": 352,
		"y": 32,
		"root": false
	},
	"11_6": {
		"definition": "melee_damage+3%",
		"x": 192,
		"y": -256,
		"root": false
	},
	"12_-12": {
		"definition": "stamina+5%",
		"x": 32,
		"y": -480,
		"root": false
	},
	"12_-3": {
		"definition": "ranged_damage+3%",
		"x": 384,
		"y": -96,
		"root": false
	},
	"12_3": {
		"definition": "ranged_damage+3%",
		"x": 384,
		"y": 96,
		"root": false
	},
	"12_12": {
		"definition": "attack_speed+5%",
		"x": 352,
		"y": 192,
		"root": false
	},
	"13_-7": {
		"definition": "ranged_damage+3%",
		"x": 416,
		"y": -224,
		"root": false
	},
	"13_-5": {
		"definition": "jump+5%",
		"x": 416,
		"y": -160,
		"root": false
	},
	"13_0": {
		"definition": "melee_damage+3%",
		"x": 416,
		"y": 0,
		"root": false
	},
	"13_5": {
		"definition": "movement_speed+5%",
		"x": 416,
		"y": 160,
		"root": false
	},
	"13_7": {
		"definition": "ranged_damage+3%",
		"x": 416,
		"y": 224,
		"root": false
	},
	"15_-6": {
		"definition": "ranged_damage+3%",
		"x": 192,
		"y": -32,
		"root": false
	},
	"15_-1": {
		"definition": "ranged_damage+3%",
		"x": 480,
		"y": -32,
		"root": false
	},
	"15_1": {
		"definition": "ranged_damage+3%",
		"x": 480,
		"y": 32,
		"root": false
	},
	"15_6": {
		"definition": "ranged_damage+3%",
		"x": -192,
		"y": -256,
		"root": false
	},
	"17_0": {
		"definition": "ranged_damage+3%",
		"x": 352,
		"y": -192,
		"root": false
	},
	"y2rgcf1w3yhvob3x": {
		"definition": "resistance+1%",
		"x": -192,
		"y": 32,
		"root": false
	},
	"b7piaib3pp94xtoc": {
		"definition": "root_health+2",
		"x": 0,
		"y": -64,
		"root": false
	},
	"5yfpu4wgyqr4gno6": {
		"definition": "stamina+5%",
		"x": 0,
		"y": 0,
		"root": true
	}
}