{
	"enabled": true,
	"experience_per_level": {
		"type": "values",
		"data": {
			"values": [
				250,
				250,
				250,
				250,
				250,
				250,
				250,
				250,
				250,
				250,
				500,
				500,
				500,
				500,
				500,
				500,
				500,
				500,
				500,
				500,
				750
			]
		}
	},
	"sources": [
		{
			"type": "puffish_skills:mine_block",
			"data": {
				"conditions": {
					"silk_touch": {
						"type": "tool_nbt",
						"data": {
							"nbt": "{Enchantments:[{id:\"minecraft:silk_touch\"}]}"
						}
					},
					"stone_like": {
						"type": "block_tag",
						"data": {
							"tag": "base_stone_overworld"
						}
					},
					"deepslate": {
						"type": "block",
						"data": {
							"block": "deepslate"
						}
					},
					"coal_ore": {
						"type": "block",
						"data": {
							"block": "coal_ore"
						}
					},
					"deepslate_coal_ore": {
						"type": "block",
						"data": {
							"block": "deepslate_coal_ore"
						}
					},
					"iron_ore": {
						"type": "block",
						"data": {
							"block": "iron_ore"
						}
					},
					"deepslate_iron_ore": {
						"type": "block",
						"data": {
							"block": "deepslate_iron_ore"
						}
					},
					"gold_ore": {
						"type": "block",
						"data": {
							"block": "gold_ore"
						}
					},
					"deepslate_gold_ore": {
						"type": "block",
						"data": {
							"block": "deepslate_gold_ore"
						}
					},
					"redstone_ore": {
						"type": "block",
						"data": {
							"block": "redstone_ore"
						}
					},
					"deepslate_redstone_ore": {
						"type": "block",
						"data": {
							"block": "deepslate_redstone_ore"
						}
					},
					"lapis_ore": {
						"type": "block",
						"data": {
							"block": "lapis_ore"
						}
					},
					"deepslate_lapis_ore": {
						"type": "block",
						"data": {
							"block": "deepslate_lapis_ore"
						}
					},
					"diamond_ore": {
						"type": "block",
						"data": {
							"block": "diamond_ore"
						}
					},
					"deepslate_diamond_ore": {
						"type": "block",
						"data": {
							"block": "deepslate_diamond_ore"
						}
					},
					"emerald_ore": {
						"type": "block",
						"data": {
							"block": "emerald_ore"
						}
					},
					"deepslate_emerald_ore": {
						"type": "block",
						"data": {
							"block": "deepslate_emerald_ore"
						}
					},
					"nether_quartz_ore": {
						"type": "block",
						"data": {
							"block": "nether_quartz_ore"
						}
					},
					"ancient_debris": {
						"type": "block",
						"data": {
							"block": "ancient_debris"
						}
					}
				},
				"experience": [
					{
						"condition": "!silk_touch & stone_like",
						"expression": "0.05"
					},
					{
						"condition": "!silk_touch & deepslate",
						"expression": "0.07"
					},
					{
						"condition": "coal_ore & deepslate_coal_ore",
						"expression": "1"
					},
					{
						"condition": "iron_ore & deepslate_iron_ore",
						"expression": "2"
					},
					{
						"condition": "redstone_ore & lapis_ore",
						"expression": "5"
					},
					{
						"condition": "deepslate_redstone_ore & deepslate_lapis_ore",
						"expression": "5"
					},
					{
						"condition": "gold_ore & deepslate_gold_ore",
						"expression": "3"
					},
					{
						"condition": "diamond_ore & deepslate_diamond_ore",
						"expression": "10"
					},
					{
					    "condition": "nether_quartz_ore",
						"expression": "4"
		                        },
			                {
					    "condition": "ancient_debris",
						"expression": "15"
			                },
					{
						"condition": "emerald_ore & deepslate_emerald_ore",
						"expression": "13"
					}
				]
			}
		}
	]
}