{"stats":{"minecraft:used":{"minecraft:peony":1,"minecraft:redstone":5,"minecraft:rotten_flesh":3,"minecraft:iron_chestplate":1,"minecraft:torch":24,"minecraft:dirt":170,"minecraft:mutton":5,"scalinghealth:heart_crystal":1,"minecraft:acacia_sapling":3,"minecraft:tuff":2,"minecraft:rooted_dirt":1,"minecraft:lantern":2,"minecraft:iron_axe":5,"minecraft:packed_mud":4,"minecraft:iron_helmet":1,"minecraft:iron_boots":1,"epicfight:stone_greatsword":50,"minecraft:stone_bricks":6,"minecraft:item_frame":2,"minecraft:beef":1,"minecraft:furnace":2,"tombstone:gift":3,"minecraft:skeleton_skull":1,"minecraft:cooked_beef":14,"minecraft:cobbled_deepslate":4,"minecraft:iron_leggings":1,"minecraft:cooked_mutton":1,"epicfight:skillbook":4,"minecraft:oak_planks":6,"minecraft:stone_pickaxe":84,"minecraft:wooden_pickaxe":4,"minecraft:diamond_axe":1,"iceandfire:dragon_skull_lightning":1,"minecraft:white_wool":5,"minecraft:rail":1,"minecraft:sand":5,"minecraft:crafting_table":5,"minecraft:diamond_pickaxe":291,"minecraft:iron_pickaxe":141,"minecraft:bread":11,"minecraft:string":3,"minecraft:spruce_trapdoor":1,"tombstone:grave_key":23,"minecraft:stone_axe":36,"minecraft:golden_helmet":1,"minecraft:fire_charge":1,"minecraft:cobblestone":7,"minecraft:porkchop":9,"minecraft:andesite":3,"alexsmobs:animal_dictionary":1,"minecraft:experience_bottle":2},"minecraft:picked_up":{"iceandfire:dragon_skull_lightning":2,"minecraft:cocoa_beans":2,"minecraft:crafting_table":8,"minecraft:wheat":1,"minecraft:ladder":3,"minecraft:enchanted_book":1,"paraglider:goddess_statue":1,"minecraft:string":15,"minecraft:raw_copper":13,"minecraft:item_frame":2,"minecraft:experience_bottle":2,"minecraft:cobbled_deepslate":235,"minecraft:gold_nugget":4,"minecraft:spruce_planks":1,"minecraft:beef":15,"minecraft:spruce_slab":3,"minecraft:coal_block":8,"minecraft:spruce_trapdoor":1,"minecraft:furnace":9,"minecraft:stick":3,"minecraft:raw_iron":37,"iceandfire:dragonbone":4,"minecraft:torch":11,"minecraft:acacia_log":11,"epicfight:skillbook":5,"minecraft:porkchop":12,"tombstone:grave_dust":2,"vampirism:vampire_fang":1,"minecraft:redstone":27,"minecraft:arrow":16,"minecraft:rotten_flesh":14,"minecraft:peony":1,"minecraft:hay_block":49,"crittersandcompanions:silk":3,"minecraft:iron_block":1,"rpgsmw:edmantium":1,"minecraft:mutton":8,"minecraft:rail":1,"minecraft:skeleton_skull":1,"minecraft:white_wool":5,"minecraft:cobblestone":130,"minecraft:andesite":3,"minecraft:leather":9,"alexsmobs:acacia_blossom":1,"minecraft:acacia_wood":1,"minecraft:packed_mud":4,"minecraft:tuff":2,"minecraft:oak_log":8,"minecraft:lapis_lazuli":34,"minecraft:gunpowder":7,"scalinghealth:heart_crystal":1,"minecraft:dirt":231,"minecraft:lantern":2,"minecraft:bone":24,"minecraft:stone_bricks":12,"minecraft:wheat_seeds":15,"minecraft:bamboo":145,"minecraft:gray_bed":1,"minecraft:acacia_sapling":7,"minecraft:oak_planks":7,"minecraft:torchflower_seeds":3,"minecraft:sand":22,"minecraft:spider_eye":3,"minecraft:diamond":73,"vampirism:oil_bottle":1,"minecraft:emerald":1,"minecraft:rooted_dirt":15,"minecraft:melon_seeds":2,"minecraft:coal":155,"iceandfire:raw_silver":2},"minecraft:dropped":{"minecraft:enchanted_book":1,"iceandfire:raw_silver":2,"minecraft:acacia_wood":1,"minecraft:wheat_seeds":17,"minecraft:cooked_beef":1,"minecraft:golden_horse_armor":1,"vampirism:hunter_axe_enhanced":1,"vampirism:hunter_coat_legs_ultimate":1,"vampirism:heart_seeker_enhanced":1,"minecraft:rooted_dirt":14,"minecraft:coal":1,"minecraft:stick":9,"ars_nouveau:worn_notebook":1,"minecraft:torch":25,"minecraft:mutton":2,"rpgsmw:edmantium":1,"tombstone:grave_dust":2,"minecraft:potion":1,"minecraft:gold_nugget":4,"epicfight:stone_greatsword":1,"minecraft:iron_axe":1,"minecraft:sand":20,"minecraft:iron_pickaxe":1,"minecraft:string":14,"minecraft:redstone":22,"minecraft:bone":28,"iceandfire:dragonbone":4,"minecraft:stone_axe":1,"alexsmobs:acacia_blossom":1,"alexsmobs:animal_dictionary":1,"minecraft:cobbled_deepslate":11,"minecraft:raw_copper":13,"minecraft:cocoa_beans":2,"vampirism:obi_belt":1,"minecraft:wheat":1,"tombstone:gift":1,"vampirism:hunter_coat_head_ultimate":1,"minecraft:rotten_flesh":15,"minecraft:torchflower_seeds":3,"crittersandcompanions:silk":3,"iceandfire:shiny_scales":1,"minecraft:gunpowder":7,"minecraft:spruce_planks":1,"vampirism:oil_bottle":1,"minecraft:melon_seeds":2,"minecraft:acacia_sapling":4,"minecraft:ladder":3,"minecraft:spider_eye":3,"minecraft:stone_bricks":6,"minecraft:bamboo":1,"minecraft:spruce_slab":3,"minecraft:wooden_pickaxe":1,"minecraft:stone_pickaxe":1,"iceandfire:dragon_skull_lightning":1,"epicfight:skillbook":2},"minecraft:mined":{"minecraft:tuff":2,"minecraft:deepslate_diamond_ore":72,"minecraft:acacia_log":2,"minecraft:grass_block":1,"iceandfire:deepslate_silver_ore":2,"minecraft:coal_block":8,"minecraft:hay_block":51,"minecraft:furnace":7,"minecraft:iron_ore":30,"minecraft:fire":4,"minecraft:andesite":3,"minecraft:deepslate_lapis_ore":4,"iceandfire:gold_pile":1,"biomesoplenty:high_grass":14,"minecraft:deepslate_iron_ore":1,"minecraft:rail":1,"minecraft:bamboo":17,"minecraft:stone":50,"minecraft:iron_block":1,"minecraft:deepslate_redstone_ore":6,"minecraft:crafting_table":8,"minecraft:torch":1,"biomesoplenty:high_grass_plant":23,"minecraft:tall_grass":1,"minecraft:cobblestone":3,"minecraft:oak_planks":1,"minecraft:wall_torch":2,"rpgsmw:mineral_ore":1,"minecraft:wheat":1,"minecraft:gray_bed":1,"minecraft:grass":14,"minecraft:oak_log":8,"minecraft:coal_ore":85,"minecraft:dirt":3,"minecraft:stone_bricks":11,"minecraft:oak_leaves":1,"minecraft:deepslate":231,"paraglider:goddess_statue":1},"minecraft:killed":{"minecraft:spider":2,"minecraft:skeleton":3,"minecraft:pig":7,"minecraft:sheep":5,"minecraft:zombie":8,"minecraft:cow":7},"minecraft:broken":{"minecraft:golden_helmet":1},"minecraft:crafted":{"epicfight:diamond_greatsword":1,"minecraft:oak_planks":32,"minecraft:furnace":2,"minecraft:cooked_mutton":1,"minecraft:iron_boots":1,"minecraft:iron_axe":1,"minecraft:stone_pickaxe":1,"minecraft:cooked_beef":14,"minecraft:coal_block":7,"minecraft:diamond_axe":1,"minecraft:crafting_table":10,"minecraft:wooden_pickaxe":1,"minecraft:iron_helmet":1,"epicfight:stone_greatsword":1,"minecraft:stone_axe":1,"minecraft:air":0,"minecraft:iron_chestplate":1,"minecraft:diamond_pickaxe":1,"minecraft:stick":84,"minecraft:iron_ingot":24,"minecraft:iron_pickaxe":1,"minecraft:gold_ingot":18,"minecraft:iron_leggings":1,"minecraft:acacia_planks":44,"minecraft:torch":84},"minecraft:killed_by":{"minecraft:spider":2,"minecraft:zombie":2},"minecraft:custom":{"minecraft:mob_kills":36,"minecraft:interact_with_crafting_table":25,"minecraft:open_barrel":9,"minecraft:leave_game":5,"minecraft:time_since_death":45264,"minecraft:climb_one_cm":5081,"minecraft:sprint_one_cm":710273,"minecraft:walk_one_cm":267723,"minecraft:drop":103,"minecraft:damage_dealt_absorbed":45,"minecraft:talked_to_villager":6,"minecraft:play_time":115527,"minecraft:deaths":10,"minecraft:sneak_time":5152,"minecraft:walk_under_water_one_cm":7437,"minecraft:jump":2802,"minecraft:walk_on_water_one_cm":10968,"minecraft:total_world_time":115527,"minecraft:interact_with_furnace":23,"minecraft:time_since_rest":45174,"minecraft:damage_taken":2756,"minecraft:damage_dealt":4168,"minecraft:player_kills":6,"minecraft:swim_one_cm":10655,"minecraft:fly_one_cm":1294205,"minecraft:open_chest":27,"minecraft:crouch_one_cm":24774,"tombstone:undead_killed":11,"minecraft:fall_one_cm":49732}},"DataVersion":3465}