{"stats":{"minecraft:custom":{"minecraft:interact_with_smithing_table":1,"minecraft:interact_with_furnace":13,"minecraft:mob_kills":33,"vampirism:interact_with_research_table":1,"minecraft:interact_with_crafting_table":16,"minecraft:open_barrel":1,"minecraft:eat_cake_slice":3,"minecraft:leave_game":1,"minecraft:time_since_death":19865,"minecraft:climb_one_cm":4788,"minecraft:time_since_rest":19395,"minecraft:sprint_one_cm":367799,"minecraft:damage_taken":3453,"minecraft:walk_one_cm":628047,"minecraft:drop":24,"minecraft:damage_dealt":3809,"tombstone:cast_on_ally":1,"minecraft:play_noteblock":2,"minecraft:fly_one_cm":343613,"minecraft:damage_dealt_absorbed":249,"minecraft:player_kills":1,"minecraft:open_chest":10,"minecraft:crouch_one_cm":2952,"minecraft:play_time":95875,"tombstone:undead_killed":21,"minecraft:deaths":11,"minecraft:sneak_time":388,"minecraft:walk_under_water_one_cm":24355,"minecraft:interact_with_lectern":1,"minecraft:jump":1244,"minecraft:walk_on_water_one_cm":19489,"minecraft:total_world_time":95875,"vampirism:interact_with_injection_chair":1,"minecraft:fall_one_cm":25847},"minecraft:used":{"epicfight:skillbook":1,"minecraft:stone_pickaxe":16,"minecraft:wooden_pickaxe":19,"minecraft:white_terracotta":1,"minecraft:iron_sword":72,"minecraft:cooked_chicken":1,"minecraft:salmon":1,"minecraft:torch":9,"minecraft:dirt":3,"minecraft:crafting_table":6,"minecraft:spider_eye":1,"minecraft:dark_prismarine":3,"tombstone:bag_of_seeds":1,"minecraft:wooden_axe":19,"minecraft:rooted_dirt":14,"minecraft:bread":20,"tombstone:magic_scroll":1,"minecraft:gravel":2,"minecraft:stone_axe":4,"minecraft:cobblestone":37,"minecraft:potion":1,"minecraft:furnace":4,"minecraft:cooked_porkchop":2,"minecraft:andesite":12,"tombstone:gift":6,"alexsmobs:animal_dictionary":1,"minecraft:potato":2},"minecraft:killed_by":{"minecraft:player":1,"minecraft:zombie":4,"minecraft:iron_golem":1},"minecraft:crafted":{"minecraft:cooked_beef":2,"minecraft:oak_planks":28,"minecraft:cooked_porkchop":2,"minecraft:crafting_table":4,"minecraft:iron_helmet":1,"minecraft:wooden_pickaxe":1,"minecraft:cooked_chicken":1,"minecraft:iron_sword":1,"minecraft:furnace":3,"minecraft:stone_axe":1,"minecraft:bread":18,"minecraft:air":0,"minecraft:iron_chestplate":1,"minecraft:stick":12,"minecraft:iron_ingot":11,"minecraft:stone_pickaxe":1,"minecraft:wooden_axe":1,"minecraft:acacia_planks":20,"minecraft:wheat":54},"minecraft:killed":{"minecraft:pig":1,"minecraft:salmon":2,"minecraft:spider":4,"minecraft:skeleton":12,"minecraft:zombie":5,"alexsmobs:centipede_head":2,"minecraft:drowned":4},"minecraft:mined":{"minecraft:dark_prismarine":3,"minecraft:acacia_leaves":2,"minecraft:crafting_table":2,"minecraft:note_block":1,"minecraft:acacia_log":10,"minecraft:grass_block":2,"biomesoplenty:high_grass_plant":4,"minecraft:cobblestone":7,"minecraft:hay_block":6,"minecraft:furnace":2,"minecraft:deepslate_iron_ore":1,"minecraft:stone_brick_stairs":1,"minecraft:grass":5,"biomesoplenty:high_grass":3,"minecraft:coal_ore":3,"minecraft:oak_log":7,"crittersandcompanions:silk_cocoon":1,"minecraft:sunflower":1,"minecraft:gravel":6,"minecraft:dirt":2,"minecraft:bamboo":1,"minecraft:iron_block":1,"minecraft:stone":3,"minecraft:oak_leaves":1,"paraglider:goddess_statue":1},"minecraft:dropped":{"minecraft:wheat_seeds":11,"alexsmobs:acacia_blossom":1,"minecraft:glass_bottle":1,"minecraft:wheat":1,"vampirism:hunter_coat_head_ultimate":1,"minecraft:stripped_dark_oak_log":3,"minecraft:rotten_flesh":12,"minecraft:pumpkin_seeds":2,"minecraft:dirt":2,"vampirism:vampire_fang":1,"minecraft:andesite":15,"minecraft:spider_eye":1,"minecraft:ladder":4,"minecraft:acacia_sapling":1,"minecraft:oak_stairs":6,"minecraft:sunflower":1,"minecraft:bow":1,"minecraft:stone_brick_stairs":1,"minecraft:bone":9},"minecraft:picked_up":{"minecraft:coarse_dirt":11,"minecraft:crafting_table":2,"minecraft:wheat":1,"minecraft:chicken":1,"minecraft:ladder":9,"minecraft:salmon":1,"minecraft:andesite":27,"alexsmobs:acacia_blossom":1,"minecraft:oak_stairs":6,"minecraft:potato":1,"minecraft:flint":2,"minecraft:stone_brick_stairs":1,"minecraft:oak_log":7,"minecraft:gunpowder":9,"vampirism:hunter_coat_head_ultimate":1,"paraglider:goddess_statue":1,"minecraft:dirt":115,"minecraft:string":19,"minecraft:bone":13,"minecraft:acacia_planks":4,"minecraft:bow":2,"minecraft:wheat_seeds":15,"rpgsmw:rawmiphrilignot":6,"minecraft:beef":4,"tombstone:bag_of_seeds":1,"minecraft:glass_bottle":1,"minecraft:bamboo":6,"minecraft:stone_hoe":1,"crittersandcompanions:clam":3,"minecraft:acacia_sapling":1,"minecraft:furnace":1,"minecraft:stick":2,"minecraft:raw_iron":2,"minecraft:torch":4,"minecraft:acacia_log":9,"minecraft:gravel":17,"epicfight:skillbook":2,"minecraft:porkchop":2,"minecraft:bundle":1,"alexsmobs:centipede_leg":2,"tombstone:grave_dust":1,"vampirism:vampire_fang":1,"minecraft:redstone":1,"minecraft:spider_eye":3,"minecraft:dark_prismarine":3,"minecraft:pumpkin_seeds":2,"minecraft:arrow":7,"minecraft:rotten_flesh":9,"crittersandcompanions:silk":3,"minecraft:hay_block":6,"minecraft:iron_block":1,"minecraft:white_terracotta":1,"minecraft:rooted_dirt":28,"tombstone:magic_scroll":1,"minecraft:stripped_dark_oak_log":3,"minecraft:coal":5,"minecraft:cobblestone":38,"minecraft:sunflower":1}},"DataVersion":3465}